,DOWN,DISTANCEBIN,FIELDBIN,EXPECTEDPOINTS
0,1,"(0, 2]","(0, 5]",
20,1,"(2, 5]","(0, 5]",
40,1,"(5, 10]","(0, 5]",-0.5406698564593302
60,1,"(10, 15]","(0, 5]",-2.6470588235294117
80,1,"(15, 20]","(0, 5]",-7.0
100,1,"(20, 30]","(0, 5]",
120,1,"(30, 40]","(0, 5]",
140,1,"(40, 50]","(0, 5]",
160,2,"(0, 2]","(0, 5]",
180,2,"(2, 5]","(0, 5]",
200,2,"(5, 10]","(0, 5]",-0.631578947368421
220,2,"(10, 15]","(0, 5]",-1.037037037037037
240,2,"(15, 20]","(0, 5]",-7.0
260,2,"(20, 30]","(0, 5]",-3.6666666666666665
280,2,"(30, 40]","(0, 5]",-7.0
300,2,"(40, 50]","(0, 5]",
320,3,"(0, 2]","(0, 5]",
340,3,"(2, 5]","(0, 5]",
360,3,"(5, 10]","(0, 5]",-1.475
380,3,"(10, 15]","(0, 5]",-3.1
400,3,"(15, 20]","(0, 5]",-3.0
420,3,"(20, 30]","(0, 5]",-0.2
440,3,"(30, 40]","(0, 5]",-3.6666666666666665
460,3,"(40, 50]","(0, 5]",
480,4,"(0, 2]","(0, 5]",
500,4,"(2, 5]","(0, 5]",
520,4,"(5, 10]","(0, 5]",-3.0
540,4,"(10, 15]","(0, 5]",-2.111111111111111
560,4,"(15, 20]","(0, 5]",-4.2
580,4,"(20, 30]","(0, 5]",1.25
600,4,"(30, 40]","(0, 5]",-7.0
620,4,"(40, 50]","(0, 5]",
1,1,"(0, 2]","(5, 10]",
21,1,"(2, 5]","(5, 10]",-3.0
41,1,"(5, 10]","(5, 10]",0.8865979381443299
61,1,"(10, 15]","(5, 10]",0.1111111111111111
81,1,"(15, 20]","(5, 10]",0.23076923076923078
101,1,"(20, 30]","(5, 10]",5.0
121,1,"(30, 40]","(5, 10]",
141,1,"(40, 50]","(5, 10]",
161,2,"(0, 2]","(5, 10]",-7.0
181,2,"(2, 5]","(5, 10]",1.7272727272727273
201,2,"(5, 10]","(5, 10]",-1.1759259259259258
221,2,"(10, 15]","(5, 10]",-0.5428571428571428
241,2,"(15, 20]","(5, 10]",-1.6666666666666667
261,2,"(20, 30]","(5, 10]",-5.6
281,2,"(30, 40]","(5, 10]",
301,2,"(40, 50]","(5, 10]",
321,3,"(0, 2]","(5, 10]",1.0
341,3,"(2, 5]","(5, 10]",-2.111111111111111
361,3,"(5, 10]","(5, 10]",-1.5714285714285714
381,3,"(10, 15]","(5, 10]",-0.9130434782608695
401,3,"(15, 20]","(5, 10]",-2.8
421,3,"(20, 30]","(5, 10]",-4.666666666666667
441,3,"(30, 40]","(5, 10]",
461,3,"(40, 50]","(5, 10]",
481,4,"(0, 2]","(5, 10]",-7.0
501,4,"(2, 5]","(5, 10]",-1.0769230769230769
521,4,"(5, 10]","(5, 10]",-3.2941176470588234
541,4,"(10, 15]","(5, 10]",-2.814814814814815
561,4,"(15, 20]","(5, 10]",-4.818181818181818
581,4,"(20, 30]","(5, 10]",-4.846153846153846
601,4,"(30, 40]","(5, 10]",
621,4,"(40, 50]","(5, 10]",3.0
2,1,"(0, 2]","(10, 15]",
22,1,"(2, 5]","(10, 15]",-2.0
42,1,"(5, 10]","(10, 15]",0.8876889848812095
62,1,"(10, 15]","(10, 15]",-1.9523809523809523
82,1,"(15, 20]","(10, 15]",1.7037037037037037
102,1,"(20, 30]","(10, 15]",-1.4
122,1,"(30, 40]","(10, 15]",
142,1,"(40, 50]","(10, 15]",
162,2,"(0, 2]","(10, 15]",1.588235294117647
182,2,"(2, 5]","(10, 15]",1.0
202,2,"(5, 10]","(10, 15]",0.37037037037037035
222,2,"(10, 15]","(10, 15]",-0.5333333333333333
242,2,"(15, 20]","(10, 15]",-0.047619047619047616
262,2,"(20, 30]","(10, 15]",-2.263157894736842
282,2,"(30, 40]","(10, 15]",
302,2,"(40, 50]","(10, 15]",
322,3,"(0, 2]","(10, 15]",0.23809523809523808
342,3,"(2, 5]","(10, 15]",-0.9459459459459459
362,3,"(5, 10]","(10, 15]",-1.1014492753623188
382,3,"(10, 15]","(10, 15]",-0.8947368421052632
402,3,"(15, 20]","(10, 15]",-4.0
422,3,"(20, 30]","(10, 15]",-1.4705882352941178
442,3,"(30, 40]","(10, 15]",-7.0
462,3,"(40, 50]","(10, 15]",
482,4,"(0, 2]","(10, 15]",-4.285714285714286
502,4,"(2, 5]","(10, 15]",-1.9333333333333333
522,4,"(5, 10]","(10, 15]",-2.2972972972972974
542,4,"(10, 15]","(10, 15]",-2.7142857142857144
562,4,"(15, 20]","(10, 15]",-4.043478260869565
582,4,"(20, 30]","(10, 15]",-3.0
602,4,"(30, 40]","(10, 15]",3.0
622,4,"(40, 50]","(10, 15]",
3,1,"(0, 2]","(15, 20]",
23,1,"(2, 5]","(15, 20]",-3.0
43,1,"(5, 10]","(15, 20]",1.0278706800445931
63,1,"(10, 15]","(15, 20]",-2.0405405405405403
83,1,"(15, 20]","(15, 20]",-1.0
103,1,"(20, 30]","(15, 20]",0.0
123,1,"(30, 40]","(15, 20]",
143,1,"(40, 50]","(15, 20]",
163,2,"(0, 2]","(15, 20]",3.8
183,2,"(2, 5]","(15, 20]",-0.4461538461538462
203,2,"(5, 10]","(15, 20]",0.7509578544061303
223,2,"(10, 15]","(15, 20]",-1.2945736434108528
243,2,"(15, 20]","(15, 20]",-0.08333333333333333
263,2,"(20, 30]","(15, 20]",-0.8333333333333334
283,2,"(30, 40]","(15, 20]",
303,2,"(40, 50]","(15, 20]",
323,3,"(0, 2]","(15, 20]",0.6666666666666666
343,3,"(2, 5]","(15, 20]",0.7704918032786885
363,3,"(5, 10]","(15, 20]",-0.8429752066115702
383,3,"(10, 15]","(15, 20]",-1.8602150537634408
403,3,"(15, 20]","(15, 20]",-2.6041666666666665
423,3,"(20, 30]","(15, 20]",-4.0
443,3,"(30, 40]","(15, 20]",
463,3,"(40, 50]","(15, 20]",
483,4,"(0, 2]","(15, 20]",-2.0
503,4,"(2, 5]","(15, 20]",-0.8333333333333334
523,4,"(5, 10]","(15, 20]",-2.3384615384615386
543,4,"(10, 15]","(15, 20]",-2.9272727272727272
563,4,"(15, 20]","(15, 20]",-3.811320754716981
583,4,"(20, 30]","(15, 20]",-1.0
603,4,"(30, 40]","(15, 20]",
623,4,"(40, 50]","(15, 20]",
4,1,"(0, 2]","(20, 25]",
24,1,"(2, 5]","(20, 25]",3.5
44,1,"(5, 10]","(20, 25]",0.32624584717607974
64,1,"(10, 15]","(20, 25]",-0.6521739130434783
84,1,"(15, 20]","(20, 25]",3.1818181818181817
104,1,"(20, 30]","(20, 25]",-0.6666666666666666
124,1,"(30, 40]","(20, 25]",
144,1,"(40, 50]","(20, 25]",
164,2,"(0, 2]","(20, 25]",3.1818181818181817
184,2,"(2, 5]","(20, 25]",0.84
204,2,"(5, 10]","(20, 25]",0.05390835579514825
224,2,"(10, 15]","(20, 25]",-0.323943661971831
244,2,"(15, 20]","(20, 25]",1.6666666666666667
264,2,"(20, 30]","(20, 25]",-1.7692307692307692
284,2,"(30, 40]","(20, 25]",
304,2,"(40, 50]","(20, 25]",
324,3,"(0, 2]","(20, 25]",0.05454545454545454
344,3,"(2, 5]","(20, 25]",-0.11688311688311688
364,3,"(5, 10]","(20, 25]",-1.1557093425605536
384,3,"(10, 15]","(20, 25]",-1.935
404,3,"(15, 20]","(20, 25]",-2.111111111111111
424,3,"(20, 30]","(20, 25]",-3.0
444,3,"(30, 40]","(20, 25]",-2.0
464,3,"(40, 50]","(20, 25]",
484,4,"(0, 2]","(20, 25]",-1.5
504,4,"(2, 5]","(20, 25]",-0.7368421052631579
524,4,"(5, 10]","(20, 25]",-2.0852713178294575
544,4,"(10, 15]","(20, 25]",-2.6936936936936937
564,4,"(15, 20]","(20, 25]",-3.0
584,4,"(20, 30]","(20, 25]",-5.0
604,4,"(30, 40]","(20, 25]",-7.0
624,4,"(40, 50]","(20, 25]",
5,1,"(0, 2]","(25, 30]",7.0
25,1,"(2, 5]","(25, 30]",-1.0
45,1,"(5, 10]","(25, 30]",1.7184959349593496
65,1,"(10, 15]","(25, 30]",2.5714285714285716
85,1,"(15, 20]","(25, 30]",2.3846153846153846
105,1,"(20, 30]","(25, 30]",-3.0
125,1,"(30, 40]","(25, 30]",
145,1,"(40, 50]","(25, 30]",
165,2,"(0, 2]","(25, 30]",1.7796610169491525
185,2,"(2, 5]","(25, 30]",0.10256410256410256
205,2,"(5, 10]","(25, 30]",-0.025365853658536587
225,2,"(10, 15]","(25, 30]",1.2439024390243902
245,2,"(15, 20]","(25, 30]",0.5789473684210527
265,2,"(20, 30]","(25, 30]",-1.7142857142857142
285,2,"(30, 40]","(25, 30]",3.0
305,2,"(40, 50]","(25, 30]",
325,3,"(0, 2]","(25, 30]",0.7634408602150538
345,3,"(2, 5]","(25, 30]",0.21359223300970873
365,3,"(5, 10]","(25, 30]",-1.394736842105263
385,3,"(10, 15]","(25, 30]",0.9215686274509803
405,3,"(15, 20]","(25, 30]",-1.6842105263157894
425,3,"(20, 30]","(25, 30]",-1.9090909090909092
445,3,"(30, 40]","(25, 30]",
465,3,"(40, 50]","(25, 30]",
485,4,"(0, 2]","(25, 30]",-1.825
505,4,"(2, 5]","(25, 30]",-1.4230769230769231
525,4,"(5, 10]","(25, 30]",-2.330612244897959
545,4,"(10, 15]","(25, 30]",-0.8536585365853658
565,4,"(15, 20]","(25, 30]",-0.6774193548387096
585,4,"(20, 30]","(25, 30]",-1.7692307692307692
605,4,"(30, 40]","(25, 30]",
625,4,"(40, 50]","(25, 30]",
6,1,"(0, 2]","(30, 35]",
26,1,"(2, 5]","(30, 35]",-4.2
46,1,"(5, 10]","(30, 35]",1.6755186721991702
66,1,"(10, 15]","(30, 35]",2.7777777777777777
86,1,"(15, 20]","(30, 35]",4.0
106,1,"(20, 30]","(30, 35]",1.0
126,1,"(30, 40]","(30, 35]",
146,1,"(40, 50]","(30, 35]",
166,2,"(0, 2]","(30, 35]",1.5618556701030928
186,2,"(2, 5]","(30, 35]",1.5850746268656717
206,2,"(5, 10]","(30, 35]",1.2628205128205128
226,2,"(10, 15]","(30, 35]",1.474074074074074
246,2,"(15, 20]","(30, 35]",-2.7
266,2,"(20, 30]","(30, 35]",-1.4
286,2,"(30, 40]","(30, 35]",
306,2,"(40, 50]","(30, 35]",
326,3,"(0, 2]","(30, 35]",0.44061302681992337
346,3,"(2, 5]","(30, 35]",0.3684210526315789
366,3,"(5, 10]","(30, 35]",0.319047619047619
386,3,"(10, 15]","(30, 35]",-0.9090909090909091
406,3,"(15, 20]","(30, 35]",-2.44
426,3,"(20, 30]","(30, 35]",-1.5454545454545454
446,3,"(30, 40]","(30, 35]",
466,3,"(40, 50]","(30, 35]",
486,4,"(0, 2]","(30, 35]",-1.4935897435897436
506,4,"(2, 5]","(30, 35]",-1.3623188405797102
526,4,"(5, 10]","(30, 35]",-1.6213592233009708
546,4,"(10, 15]","(30, 35]",-2.0163934426229506
566,4,"(15, 20]","(30, 35]",-2.857142857142857
586,4,"(20, 30]","(30, 35]",-3.0
606,4,"(30, 40]","(30, 35]",
626,4,"(40, 50]","(30, 35]",
7,1,"(0, 2]","(35, 40]",
27,1,"(2, 5]","(35, 40]",5.2
47,1,"(5, 10]","(35, 40]",1.7746820109024835
67,1,"(10, 15]","(35, 40]",2.7777777777777777
87,1,"(15, 20]","(35, 40]",3.0
107,1,"(20, 30]","(35, 40]",
127,1,"(30, 40]","(35, 40]",
147,1,"(40, 50]","(35, 40]",
167,2,"(0, 2]","(35, 40]",2.559322033898305
187,2,"(2, 5]","(35, 40]",1.7222222222222223
207,2,"(5, 10]","(35, 40]",1.1682626538987688
227,2,"(10, 15]","(35, 40]",2.96
247,2,"(15, 20]","(35, 40]",-1.0
267,2,"(20, 30]","(35, 40]",-6.428571428571429
287,2,"(30, 40]","(35, 40]",
307,2,"(40, 50]","(35, 40]",
327,3,"(0, 2]","(35, 40]",2.2
347,3,"(2, 5]","(35, 40]",0.9130434782608695
367,3,"(5, 10]","(35, 40]",0.24333333333333335
387,3,"(10, 15]","(35, 40]",-0.11267605633802817
407,3,"(15, 20]","(35, 40]",-2.076923076923077
427,3,"(20, 30]","(35, 40]",-2.4285714285714284
447,3,"(30, 40]","(35, 40]",
467,3,"(40, 50]","(35, 40]",
487,4,"(0, 2]","(35, 40]",-1.9523809523809523
507,4,"(2, 5]","(35, 40]",-0.18840579710144928
527,4,"(5, 10]","(35, 40]",-1.5826771653543308
547,4,"(10, 15]","(35, 40]",-0.56
567,4,"(15, 20]","(35, 40]",-1.8235294117647058
587,4,"(20, 30]","(35, 40]",-1.25
607,4,"(30, 40]","(35, 40]",
627,4,"(40, 50]","(35, 40]",
8,1,"(0, 2]","(40, 45]",
28,1,"(2, 5]","(40, 45]",1.0
48,1,"(5, 10]","(40, 45]",2.266609145815358
68,1,"(10, 15]","(40, 45]",1.9473684210526316
88,1,"(15, 20]","(40, 45]",3.4
108,1,"(20, 30]","(40, 45]",-7.0
128,1,"(30, 40]","(40, 45]",
148,1,"(40, 50]","(40, 45]",
168,2,"(0, 2]","(40, 45]",3.3738317757009346
188,2,"(2, 5]","(40, 45]",2.0238095238095237
208,2,"(5, 10]","(40, 45]",1.4945255474452555
228,2,"(10, 15]","(40, 45]",1.989247311827957
248,2,"(15, 20]","(40, 45]",0.44
268,2,"(20, 30]","(40, 45]",-2.3333333333333335
288,2,"(30, 40]","(40, 45]",
308,2,"(40, 50]","(40, 45]",
328,3,"(0, 2]","(40, 45]",1.1612903225806452
348,3,"(2, 5]","(40, 45]",1.2549019607843137
368,3,"(5, 10]","(40, 45]",0.8830645161290323
388,3,"(10, 15]","(40, 45]",0.2786885245901639
408,3,"(15, 20]","(40, 45]",-0.5714285714285714
428,3,"(20, 30]","(40, 45]",2.142857142857143
448,3,"(30, 40]","(40, 45]",
468,3,"(40, 50]","(40, 45]",
488,4,"(0, 2]","(40, 45]",-1.3225806451612903
508,4,"(2, 5]","(40, 45]",-0.43010752688172044
528,4,"(5, 10]","(40, 45]",-1.1546391752577319
548,4,"(10, 15]","(40, 45]",-1.375
568,4,"(15, 20]","(40, 45]",-1.2222222222222223
588,4,"(20, 30]","(40, 45]",0.0
608,4,"(30, 40]","(40, 45]",
628,4,"(40, 50]","(40, 45]",
9,1,"(0, 2]","(45, 50]",
29,1,"(2, 5]","(45, 50]",3.2222222222222223
49,1,"(5, 10]","(45, 50]",2.4957912457912457
69,1,"(10, 15]","(45, 50]",0.5161290322580645
89,1,"(15, 20]","(45, 50]",3.0
109,1,"(20, 30]","(45, 50]",-3.0
129,1,"(30, 40]","(45, 50]",
149,1,"(40, 50]","(45, 50]",
169,2,"(0, 2]","(45, 50]",2.8363636363636364
189,2,"(2, 5]","(45, 50]",2.318840579710145
209,2,"(5, 10]","(45, 50]",1.611439842209073
229,2,"(10, 15]","(45, 50]",0.9767441860465116
249,2,"(15, 20]","(45, 50]",3.0
269,2,"(20, 30]","(45, 50]",-0.25
289,2,"(30, 40]","(45, 50]",
309,2,"(40, 50]","(45, 50]",
329,3,"(0, 2]","(45, 50]",2.1092436974789917
349,3,"(2, 5]","(45, 50]",1.5441176470588236
369,3,"(5, 10]","(45, 50]",0.9113300492610837
389,3,"(10, 15]","(45, 50]",-1.152542372881356
409,3,"(15, 20]","(45, 50]",0.09090909090909091
429,3,"(20, 30]","(45, 50]",-0.6
449,3,"(30, 40]","(45, 50]",
469,3,"(40, 50]","(45, 50]",
489,4,"(0, 2]","(45, 50]",2.1666666666666665
509,4,"(2, 5]","(45, 50]",-2.6363636363636362
529,4,"(5, 10]","(45, 50]",0.2631578947368421
549,4,"(10, 15]","(45, 50]",-2.4166666666666665
569,4,"(15, 20]","(45, 50]",-2.272727272727273
589,4,"(20, 30]","(45, 50]",-3.3333333333333335
609,4,"(30, 40]","(45, 50]",
629,4,"(40, 50]","(45, 50]",
10,1,"(0, 2]","(50, 55]",7.0
30,1,"(2, 5]","(50, 55]",3.5714285714285716
50,1,"(5, 10]","(50, 55]",2.7197231833910034
70,1,"(10, 15]","(50, 55]",1.2272727272727273
90,1,"(15, 20]","(50, 55]",1.25
110,1,"(20, 30]","(50, 55]",0.0
130,1,"(30, 40]","(50, 55]",
150,1,"(40, 50]","(50, 55]",
170,2,"(0, 2]","(50, 55]",2.723076923076923
190,2,"(2, 5]","(50, 55]",2.3986013986013988
210,2,"(5, 10]","(50, 55]",2.4285714285714284
230,2,"(10, 15]","(50, 55]",0.7441860465116279
250,2,"(15, 20]","(50, 55]",1.4705882352941178
270,2,"(20, 30]","(50, 55]",2.6
290,2,"(30, 40]","(50, 55]",
310,2,"(40, 50]","(50, 55]",
330,3,"(0, 2]","(50, 55]",2.0
350,3,"(2, 5]","(50, 55]",1.348623853211009
370,3,"(5, 10]","(50, 55]",0.875
390,3,"(10, 15]","(50, 55]",-0.27586206896551724
410,3,"(15, 20]","(50, 55]",-1.5454545454545454
430,3,"(20, 30]","(50, 55]",2.2
450,3,"(30, 40]","(50, 55]",
470,3,"(40, 50]","(50, 55]",
490,4,"(0, 2]","(50, 55]",-0.2765957446808511
510,4,"(2, 5]","(50, 55]",-0.4339622641509434
530,4,"(5, 10]","(50, 55]",-0.8888888888888888
550,4,"(10, 15]","(50, 55]",-3.121212121212121
570,4,"(15, 20]","(50, 55]",-1.6666666666666667
590,4,"(20, 30]","(50, 55]",-3.0
610,4,"(30, 40]","(50, 55]",
630,4,"(40, 50]","(50, 55]",
11,1,"(0, 2]","(55, 60]",
31,1,"(2, 5]","(55, 60]",1.6666666666666667
51,1,"(5, 10]","(55, 60]",3.018575851393189
71,1,"(10, 15]","(55, 60]",3.7
91,1,"(15, 20]","(55, 60]",1.2222222222222223
111,1,"(20, 30]","(55, 60]",2.3333333333333335
131,1,"(30, 40]","(55, 60]",
151,1,"(40, 50]","(55, 60]",
171,2,"(0, 2]","(55, 60]",2.4526315789473685
191,2,"(2, 5]","(55, 60]",2.4339622641509435
211,2,"(5, 10]","(55, 60]",2.059665871121718
231,2,"(10, 15]","(55, 60]",1.2769230769230768
251,2,"(15, 20]","(55, 60]",1.0
271,2,"(20, 30]","(55, 60]",0.4
291,2,"(30, 40]","(55, 60]",7.0
311,2,"(40, 50]","(55, 60]",
331,3,"(0, 2]","(55, 60]",2.6792452830188678
351,3,"(2, 5]","(55, 60]",2.140625
371,3,"(5, 10]","(55, 60]",0.75
391,3,"(10, 15]","(55, 60]",0.8181818181818182
411,3,"(15, 20]","(55, 60]",-0.42857142857142855
431,3,"(20, 30]","(55, 60]",-3.3333333333333335
451,3,"(30, 40]","(55, 60]",
471,3,"(40, 50]","(55, 60]",
491,4,"(0, 2]","(55, 60]",2.2857142857142856
511,4,"(2, 5]","(55, 60]",0.6981132075471698
531,4,"(5, 10]","(55, 60]",-1.9333333333333333
551,4,"(10, 15]","(55, 60]",0.6363636363636364
571,4,"(15, 20]","(55, 60]",-2.0714285714285716
591,4,"(20, 30]","(55, 60]",1.4
611,4,"(30, 40]","(55, 60]",
631,4,"(40, 50]","(55, 60]",
12,1,"(0, 2]","(60, 65]",
32,1,"(2, 5]","(60, 65]",1.5
52,1,"(5, 10]","(60, 65]",3.0446247464503045
72,1,"(10, 15]","(60, 65]",1.3076923076923077
92,1,"(15, 20]","(60, 65]",0.45454545454545453
112,1,"(20, 30]","(60, 65]",2.0
132,1,"(30, 40]","(60, 65]",7.0
152,1,"(40, 50]","(60, 65]",
172,2,"(0, 2]","(60, 65]",3.6857142857142855
192,2,"(2, 5]","(60, 65]",3.786206896551724
212,2,"(5, 10]","(60, 65]",2.527638190954774
232,2,"(10, 15]","(60, 65]",2.7209302325581395
252,2,"(15, 20]","(60, 65]",-0.7777777777777778
272,2,"(20, 30]","(60, 65]",1.0
292,2,"(30, 40]","(60, 65]",
312,2,"(40, 50]","(60, 65]",
332,3,"(0, 2]","(60, 65]",3.632911392405063
352,3,"(2, 5]","(60, 65]",2.4857142857142858
372,3,"(5, 10]","(60, 65]",1.1071428571428572
392,3,"(10, 15]","(60, 65]",-0.44680851063829785
412,3,"(15, 20]","(60, 65]",-0.05263157894736842
432,3,"(20, 30]","(60, 65]",-3.75
452,3,"(30, 40]","(60, 65]",
472,3,"(40, 50]","(60, 65]",
492,4,"(0, 2]","(60, 65]",2.8958333333333335
512,4,"(2, 5]","(60, 65]",-0.44
532,4,"(5, 10]","(60, 65]",-1.375
552,4,"(10, 15]","(60, 65]",-1.7096774193548387
572,4,"(15, 20]","(60, 65]",0.3333333333333333
592,4,"(20, 30]","(60, 65]",4.2
612,4,"(30, 40]","(60, 65]",
632,4,"(40, 50]","(60, 65]",
13,1,"(0, 2]","(65, 70]",
33,1,"(2, 5]","(65, 70]",-0.5
53,1,"(5, 10]","(65, 70]",3.241830065359477
73,1,"(10, 15]","(65, 70]",1.1428571428571428
93,1,"(15, 20]","(65, 70]",1.3333333333333333
113,1,"(20, 30]","(65, 70]",5.0
133,1,"(30, 40]","(65, 70]",
153,1,"(40, 50]","(65, 70]",
173,2,"(0, 2]","(65, 70]",3.0634920634920637
193,2,"(2, 5]","(65, 70]",3.7058823529411766
213,2,"(5, 10]","(65, 70]",2.3291770573566084
233,2,"(10, 15]","(65, 70]",1.5588235294117647
253,2,"(15, 20]","(65, 70]",0.8666666666666667
273,2,"(20, 30]","(65, 70]",1.6
293,2,"(30, 40]","(65, 70]",
313,2,"(40, 50]","(65, 70]",
333,3,"(0, 2]","(65, 70]",1.9444444444444444
353,3,"(2, 5]","(65, 70]",2.6448598130841123
373,3,"(5, 10]","(65, 70]",0.9813664596273292
393,3,"(10, 15]","(65, 70]",1.5555555555555556
413,3,"(15, 20]","(65, 70]",1.608695652173913
433,3,"(20, 30]","(65, 70]",-2.111111111111111
453,3,"(30, 40]","(65, 70]",
473,3,"(40, 50]","(65, 70]",
493,4,"(0, 2]","(65, 70]",3.32
513,4,"(2, 5]","(65, 70]",0.8113207547169812
533,4,"(5, 10]","(65, 70]",-1.4096385542168675
553,4,"(10, 15]","(65, 70]",-2.142857142857143
573,4,"(15, 20]","(65, 70]",-1.7692307692307692
593,4,"(20, 30]","(65, 70]",-1.2222222222222223
613,4,"(30, 40]","(65, 70]",
633,4,"(40, 50]","(65, 70]",
14,1,"(0, 2]","(70, 75]",
34,1,"(2, 5]","(70, 75]",7.0
54,1,"(5, 10]","(70, 75]",3.32707182320442
74,1,"(10, 15]","(70, 75]",3.761904761904762
94,1,"(15, 20]","(70, 75]",2.0
114,1,"(20, 30]","(70, 75]",0.3333333333333333
134,1,"(30, 40]","(70, 75]",
154,1,"(40, 50]","(70, 75]",
174,2,"(0, 2]","(70, 75]",2.6619718309859155
194,2,"(2, 5]","(70, 75]",3.7196969696969697
214,2,"(5, 10]","(70, 75]",2.0837696335078535
234,2,"(10, 15]","(70, 75]",2.3207547169811322
254,2,"(15, 20]","(70, 75]",0.875
274,2,"(20, 30]","(70, 75]",1.0
294,2,"(30, 40]","(70, 75]",
314,2,"(40, 50]","(70, 75]",
334,3,"(0, 2]","(70, 75]",3.4761904761904763
354,3,"(2, 5]","(70, 75]",2.5
374,3,"(5, 10]","(70, 75]",1.183673469387755
394,3,"(10, 15]","(70, 75]",1.619047619047619
414,3,"(15, 20]","(70, 75]",-1.6
434,3,"(20, 30]","(70, 75]",-0.7142857142857143
454,3,"(30, 40]","(70, 75]",
474,3,"(40, 50]","(70, 75]",
494,4,"(0, 2]","(70, 75]",0.7142857142857143
514,4,"(2, 5]","(70, 75]",-0.3333333333333333
534,4,"(5, 10]","(70, 75]",-1.7142857142857142
554,4,"(10, 15]","(70, 75]",-2.857142857142857
574,4,"(15, 20]","(70, 75]",-2.142857142857143
594,4,"(20, 30]","(70, 75]",-2.142857142857143
614,4,"(30, 40]","(70, 75]",
634,4,"(40, 50]","(70, 75]",
15,1,"(0, 2]","(75, 80]",
35,1,"(2, 5]","(75, 80]",3.5714285714285716
55,1,"(5, 10]","(75, 80]",3.4398584905660377
75,1,"(10, 15]","(75, 80]",2.4545454545454546
95,1,"(15, 20]","(75, 80]",-0.8
115,1,"(20, 30]","(75, 80]",-5.0
135,1,"(30, 40]","(75, 80]",
155,1,"(40, 50]","(75, 80]",
175,2,"(0, 2]","(75, 80]",3.1403508771929824
195,2,"(2, 5]","(75, 80]",4.1570247933884295
215,2,"(5, 10]","(75, 80]",2.627450980392157
235,2,"(10, 15]","(75, 80]",1.6176470588235294
255,2,"(15, 20]","(75, 80]",-1.1904761904761905
275,2,"(20, 30]","(75, 80]",-4.333333333333333
295,2,"(30, 40]","(75, 80]",
315,2,"(40, 50]","(75, 80]",
335,3,"(0, 2]","(75, 80]",2.064516129032258
355,3,"(2, 5]","(75, 80]",2.2842105263157895
375,3,"(5, 10]","(75, 80]",0.4939759036144578
395,3,"(10, 15]","(75, 80]",-0.4117647058823529
415,3,"(15, 20]","(75, 80]",-1.0
435,3,"(20, 30]","(75, 80]",-4.5
455,3,"(30, 40]","(75, 80]",
475,3,"(40, 50]","(75, 80]",
495,4,"(0, 2]","(75, 80]",1.6341463414634145
515,4,"(2, 5]","(75, 80]",-1.0454545454545454
535,4,"(5, 10]","(75, 80]",-2.3157894736842106
555,4,"(10, 15]","(75, 80]",-2.096774193548387
575,4,"(15, 20]","(75, 80]",-2.4285714285714284
595,4,"(20, 30]","(75, 80]",-2.75
615,4,"(30, 40]","(75, 80]",
635,4,"(40, 50]","(75, 80]",
16,1,"(0, 2]","(80, 85]",
36,1,"(2, 5]","(80, 85]",5.333333333333333
56,1,"(5, 10]","(80, 85]",3.8979591836734695
76,1,"(10, 15]","(80, 85]",4.545454545454546
96,1,"(15, 20]","(80, 85]",-0.09090909090909091
116,1,"(20, 30]","(80, 85]",
136,1,"(30, 40]","(80, 85]",
156,1,"(40, 50]","(80, 85]",
176,2,"(0, 2]","(80, 85]",3.847457627118644
196,2,"(2, 5]","(80, 85]",3.7518796992481205
216,2,"(5, 10]","(80, 85]",2.8169398907103824
236,2,"(10, 15]","(80, 85]",1.6233766233766234
256,2,"(15, 20]","(80, 85]",1.7142857142857142
276,2,"(20, 30]","(80, 85]",
296,2,"(30, 40]","(80, 85]",
316,2,"(40, 50]","(80, 85]",
336,3,"(0, 2]","(80, 85]",3.6666666666666665
356,3,"(2, 5]","(80, 85]",3.1758241758241756
376,3,"(5, 10]","(80, 85]",0.9894736842105263
396,3,"(10, 15]","(80, 85]",-1.6666666666666667
416,3,"(15, 20]","(80, 85]",-0.875
436,3,"(20, 30]","(80, 85]",
456,3,"(30, 40]","(80, 85]",
476,3,"(40, 50]","(80, 85]",
496,4,"(0, 2]","(80, 85]",2.6818181818181817
516,4,"(2, 5]","(80, 85]",-1.380952380952381
536,4,"(5, 10]","(80, 85]",-2.411764705882353
556,4,"(10, 15]","(80, 85]",-2.7777777777777777
576,4,"(15, 20]","(80, 85]",-2.8333333333333335
596,4,"(20, 30]","(80, 85]",
616,4,"(30, 40]","(80, 85]",
636,4,"(40, 50]","(80, 85]",
17,1,"(0, 2]","(85, 90]",
37,1,"(2, 5]","(85, 90]",5.571428571428571
57,1,"(5, 10]","(85, 90]",4.108638743455497
77,1,"(10, 15]","(85, 90]",5.181818181818182
97,1,"(15, 20]","(85, 90]",
117,1,"(20, 30]","(85, 90]",
137,1,"(30, 40]","(85, 90]",
157,1,"(40, 50]","(85, 90]",
177,2,"(0, 2]","(85, 90]",4.2105263157894735
197,2,"(2, 5]","(85, 90]",3.797872340425532
217,2,"(5, 10]","(85, 90]",3.1926345609065154
237,2,"(10, 15]","(85, 90]",1.7714285714285714
257,2,"(15, 20]","(85, 90]",
277,2,"(20, 30]","(85, 90]",
297,2,"(30, 40]","(85, 90]",
317,2,"(40, 50]","(85, 90]",
337,3,"(0, 2]","(85, 90]",2.768292682926829
357,3,"(2, 5]","(85, 90]",2.2688172043010755
377,3,"(5, 10]","(85, 90]",0.654320987654321
397,3,"(10, 15]","(85, 90]",-0.5238095238095238
417,3,"(15, 20]","(85, 90]",
437,3,"(20, 30]","(85, 90]",
457,3,"(30, 40]","(85, 90]",
477,3,"(40, 50]","(85, 90]",
497,4,"(0, 2]","(85, 90]",0.15789473684210525
517,4,"(2, 5]","(85, 90]",-2.2
537,4,"(5, 10]","(85, 90]",-2.546666666666667
557,4,"(10, 15]","(85, 90]",-3.129032258064516
577,4,"(15, 20]","(85, 90]",
597,4,"(20, 30]","(85, 90]",
617,4,"(30, 40]","(85, 90]",
637,4,"(40, 50]","(85, 90]",
18,1,"(0, 2]","(90, 95]",7.0
38,1,"(2, 5]","(90, 95]",5.27972027972028
58,1,"(5, 10]","(90, 95]",4.670588235294118
78,1,"(10, 15]","(90, 95]",
98,1,"(15, 20]","(90, 95]",
118,1,"(20, 30]","(90, 95]",
138,1,"(30, 40]","(90, 95]",
158,1,"(40, 50]","(90, 95]",
178,2,"(0, 2]","(90, 95]",5.392857142857143
198,2,"(2, 5]","(90, 95]",4.548387096774194
218,2,"(5, 10]","(90, 95]",3.3011049723756907
238,2,"(10, 15]","(90, 95]",
258,2,"(15, 20]","(90, 95]",
278,2,"(20, 30]","(90, 95]",
298,2,"(30, 40]","(90, 95]",
318,2,"(40, 50]","(90, 95]",
338,3,"(0, 2]","(90, 95]",4.397260273972603
358,3,"(2, 5]","(90, 95]",0.7862595419847328
378,3,"(5, 10]","(90, 95]",0.8223350253807107
398,3,"(10, 15]","(90, 95]",
418,3,"(15, 20]","(90, 95]",
438,3,"(20, 30]","(90, 95]",
458,3,"(30, 40]","(90, 95]",
478,3,"(40, 50]","(90, 95]",
498,4,"(0, 2]","(90, 95]",0.6470588235294118
518,4,"(2, 5]","(90, 95]",-2.460674157303371
538,4,"(5, 10]","(90, 95]",-2.8
558,4,"(10, 15]","(90, 95]",
578,4,"(15, 20]","(90, 95]",
598,4,"(20, 30]","(90, 95]",
618,4,"(30, 40]","(90, 95]",
638,4,"(40, 50]","(90, 95]",
19,1,"(0, 2]","(95, 100]",6.322485207100592
39,1,"(2, 5]","(95, 100]",5.77491961414791
59,1,"(5, 10]","(95, 100]",6.8
79,1,"(10, 15]","(95, 100]",
99,1,"(15, 20]","(95, 100]",
119,1,"(20, 30]","(95, 100]",
139,1,"(30, 40]","(95, 100]",
159,1,"(40, 50]","(95, 100]",
179,2,"(0, 2]","(95, 100]",5.833922261484099
199,2,"(2, 5]","(95, 100]",4.8
219,2,"(5, 10]","(95, 100]",
239,2,"(10, 15]","(95, 100]",
259,2,"(15, 20]","(95, 100]",
279,2,"(20, 30]","(95, 100]",
299,2,"(30, 40]","(95, 100]",
319,2,"(40, 50]","(95, 100]",
339,3,"(0, 2]","(95, 100]",5.278947368421052
359,3,"(2, 5]","(95, 100]",2.779816513761468
379,3,"(5, 10]","(95, 100]",
399,3,"(10, 15]","(95, 100]",
419,3,"(15, 20]","(95, 100]",
439,3,"(20, 30]","(95, 100]",
459,3,"(30, 40]","(95, 100]",
479,3,"(40, 50]","(95, 100]",
499,4,"(0, 2]","(95, 100]",2.9178082191780823
519,4,"(2, 5]","(95, 100]",-1.736842105263158
539,4,"(5, 10]","(95, 100]",
559,4,"(10, 15]","(95, 100]",
579,4,"(15, 20]","(95, 100]",
599,4,"(20, 30]","(95, 100]",
619,4,"(30, 40]","(95, 100]",
639,4,"(40, 50]","(95, 100]",
